Name,Damage,Range,Cooldown,Duration,CD OOC
Avada Kedavra,1.0,1.0,1.0,0.05,0.05
Confringo,0.20213904845600444,1.0,0.09859154929577464,0.25,0.8019482766326617
Crucio,0.2784842849357849,1.0,0.2112676056338028,1.0,1.0
Expelliarmus,0.1888884695043711,1.0,0.09859154929577464,0.05,0.8019482766326617
Imperio,0.05,1.0,0.323943661971831,1.0,0.05
Incendio,0.24393859507197405,0.05,0.07605633802816901,0.25,0.7390083754848259
Petrificus Totalus,0.34281052951328095,0.05314171686610923,0.05,0.05,0.05
