,Name,Damage,Range,Cooldown,Duration,CD OOC
5,Avada Kedavra,16.118095750958314,8.006700845440367,90.0,0.0,0.6931471805599453
9,Confringo,3.258096538021482,8.006700845440367,10.0,5.0,3.4339872044851463
10,Crucio,4.48863636973214,8.006700845440367,20.0,20.0,4.110873864173311
15,Expelliarmus,3.044522437723423,8.006700845440367,10.0,0.0,3.4339872044851463
18,Imperio,0.0,8.006700845440367,30.0,20.0,0.6931471805599453
19,Incendio,3.9318256327243257,6.2166061010848646,8.0,5.0,3.2188758248682006
22,Petrificus Totalus,5.5254529391317835,6.311734809152915,1.25,0.0,0.6931471805599453
